{
	"segment_data": {
		"buffer_name": {
			"contents": "Location List"
		}
	},
	"segments": {
		"left": [
			{
				"type": "string",
				"name": "buffer_name",
				"highlight_group": ["file_name"],
				"draw_soft_divider": false
			},
			{
				"type": "string",
				"highlight_group": ["background"],
				"draw_soft_divider": false,
				"draw_hard_divider": false,
				"width": "auto"
			}
		],
		"right": [
			{
				"type": "string",
				"name": "line_current_symbol",
				"highlight_group": ["line_current_symbol", "line_current"]
			},
			{
				"name": "line_current",
				"draw_soft_divider": false,
				"width": 3,
				"align": "r"
			}
		]
	}
}
